{
    "posCtrlPoint": {
        "pos": [
            [
                0.0,
                0.0,
                0.0
            ],
            [
                3.2100000381469727,
                0.0,
                0.0
            ],
            [
                4.570000171661377,
                0.550000011920929,
                0.46000000834465027
            ],
            [
                5.269999980926514,
                1.159999966621399,
                3.2799999713897705
            ],
            [
                2.9600000381469727,
                2.4600000381469727,
                5.869999885559082
            ],
            [
                -0.5400000214576721,
                2.4600000381469727,
                4.309999942779541
            ],
            [
                -0.5400000214576721,
                2.4600000381469727,
                -1.840000033378601
            ],
            [
                7.360000133514404,
                3.1600000858306885,
                -0.5
            ]
        ]
    },
    "rotCtrlPoint": {
        "posOnLine": [
            -0.0,
            3.7179999351501465,
            7.735000133514404,
            12.279999732971191,
            17.1299991607666,
            25.347999572753906,
            22.900999069213867
        ],
        "rotate": [
            [
                0.0,
                1.5700000524520874,
                0.0
            ],
            [
                0.0,
                1.090000033378601,
                0.0
            ],
            [
                -0.1899999976158142,
                0.0,
                0.0
            ],
            [
                0.0,
                -4.889999866485596,
                3.180000066757202
            ],
            [
                0.0,
                3.0799999237060547,
                0.0
            ],
            [
                0.0,
                1.2899999618530273,
                0.0
            ],
            [
                0.0,
                1.5299999713897705,
                0.0
            ]
        ]
    }
}